epoch,acc,loss,val_acc,val_loss
0,0.752878589118262,0.5117847430476096,0.7442811436012046,0.4427286518523397
1,0.7555749890686488,0.5031528623671213,0.7448400545233506,0.4491283376381716
