epoch,acc,loss,val_acc,val_loss
0,0.7308015854978447,0.46227688300945446,0.9058427670805641,0.17287166096156845
1,0.7622690201961452,0.43981878008526465,0.9869970629670676,0.12532784595893065
2,0.7905497889814076,0.4212125880669008,0.9753343409048474,0.12319476526992118
